[
    {
        "name": "Sasmita",
        "phone": "083831359661",
        "email": "sasm476@gmail.com",
        "image": "https://cdn-icons-png.flaticon.com/512/8567/8567464.png"
    },
    {
        "name": "Kamal Palevi",
        "phone": "083893665182",
        "email": "Kamalplv@gmail.com",
        "image": "https://cdn-icons-png.flaticon.com/512/4403/4403026.png"
    },
    {
        "name": "Zanuar Faudino saputra",
        "phone": "0816793320761",
        "email": "ZanuarFaudino@gmail.com",
        "image": "https://cdn-icons-png.flaticon.com/512/9155/9155646.png"
    },
    {
        "name": "Arkarega Virgi Pratama",
        "phone": "083645081898",
        "email": "Regapratama@gmail.com",
        "image": "https://cdn-icons-png.flaticon.com/512/6438/6438473.png"
    }
]